org_name,city,state,org_type,description,website_link,career_clusters,accepting_volunteers,remote_friendly,service_area,high_school
Hands On Atlanta,Atlanta,GA,Nonprofit,Connects volunteers with meaningful projects across Metro Atlanta,https://www.handsonatlanta.org/,"Human Services, Education & Training, Health Science",1,1,Metro Atlanta,
Atlanta Community Food Bank,Atlanta,GA,Nonprofit,Distributes food to those in need and fights hunger,https://www.acfb.org/,"Agriculture, Food & Natural Resources, Human Services",1,0,Metro Atlanta,
Trees Atlanta,Atlanta,GA,Nonprofit,Protects and improves Atlanta's urban forest,https://www.treesatlanta.org/,"Agriculture, Food & Natural Resources, Architecture & Construction",1,0,Metro Atlanta,
Piedmont Park Conservancy,Atlanta,GA,Nonprofit,Preserves and enhances Piedmont Park,https://piedmontpark.org/,"Architecture & Construction, Hospitality & Tourism",1,0,Metro Atlanta,
Big Brothers Big Sisters of Metro Atlanta,Atlanta,GA,Nonprofit,Provides one-to-one mentoring for children,https://bbbsatl.org/,"Education & Training, Human Services",1,1,Metro Atlanta,
LifeLine Animal Project,Atlanta,GA,Nonprofit,Animal welfare and shelter services,https://lifelineanimal.org/,"Agriculture, Food & Natural Resources",1,0,Metro Atlanta,
PAWS Atlanta,Atlanta,GA,Nonprofit,Animal shelter and adoption services,https://pawsatlanta.org/,"Agriculture, Food & Natural Resources",1,0,Metro Atlanta,
Zoo Atlanta,Atlanta,GA,Nonprofit,Wildlife conservation and education,https://zooatlanta.org/,"Agriculture, Food & Natural Resources, Education & Training",1,0,Metro Atlanta,
Atlanta Humane Society,Atlanta,GA,Nonprofit,Rescues and shelters animals,https://atlantahumane.org/,"Agriculture, Food & Natural Resources",1,0,Metro Atlanta,
Second Harvest of Coastal Georgia,Savannah,GA,Nonprofit,Food bank serving coastal Georgia,https://helpendhunger.org/,"Agriculture, Food & Natural Resources, Human Services",1,0,Coastal Georgia,
Loop It Up Savannah,Savannah,GA,Nonprofit,Community art and education programs,https://loopitupsavannah.org/,"Arts, Audio/Visual Technology & Communications, Education & Training",1,0,Savannah,
P.A.C.K. Savannah,Savannah,GA,Nonprofit,Provides weekend meal bags to food-insecure children,https://packsavannah.com/,"Human Services, Education & Training",1,0,Savannah,
Step Up Savannah,Savannah,GA,Nonprofit,Works to reduce poverty in Savannah,https://stepupsavannah.org/,"Human Services, Government & Public Administration",1,0,Savannah,
Savannah Tree Foundation,Savannah,GA,Nonprofit,Plants and protects trees in Savannah,https://savannahtree.org/,"Agriculture, Food & Natural Resources",1,0,Savannah,
Coastal Georgia Greenway,Savannah,GA,Nonprofit,Develops greenway trails in coastal Georgia,https://www.coastalgeorgiagreenway.org/,"Architecture & Construction, Agriculture, Food & Natural Resources",1,0,Coastal Georgia,
Golden Harvest Food Bank,Augusta,GA,Nonprofit,Distributes food to the hungry in the CSRA,https://goldenharvest.org/,"Agriculture, Food & Natural Resources, Human Services",1,0,CSRA,
Augusta Dream Center,Augusta,GA,Nonprofit,Provides food, clothing, and resources to those in need,https://augustadreamcenter.org/,"Human Services",1,0,Augusta,
Boys & Girls Clubs of Greater Augusta,Augusta,GA,Nonprofit,Youth development programs,https://bgcga.org/,"Education & Training, Human Services",1,0,Augusta,
Habitat for Humanity Augusta,Augusta,GA,Nonprofit,Builds affordable housing,https://habitatcsra.org/,"Architecture & Construction",1,0,Augusta,
Safe Homes of Augusta,Augusta,GA,Nonprofit,Supports victims of domestic violence,https://safehomesaugusta.org/,"Human Services, Law, Public Safety, Corrections & Security",1,0,Augusta,
House of Heroes,Columbus,GA,Nonprofit,Provides free home repairs for veterans,https://www.houseofheroes.org/,"Architecture & Construction, Human Services",1,0,West Georgia,
Columbus Dream Center,Columbus,GA,Nonprofit,Provides food, meals, clothing, and life skills,https://columbusdreamcenter.org/,"Human Services",1,0,Columbus,
Paws Humane Society,Columbus,GA,Nonprofit,Animal shelter and adoption services,https://pawshumane.org/,"Agriculture, Food & Natural Resources",1,0,Columbus,
United Way of the Chattahoochee Valley,Columbus,GA,Nonprofit,Supports local nonprofits and community programs,https://www.uwcv.org/,"Human Services, Government & Public Administration",1,0,Chattahoochee Valley,
Meals on Wheels of Middle Georgia,Macon,GA,Nonprofit,Delivers meals to homebound seniors and disabled individuals,https://mealsonwheelsmiddlegeorgia.org/,"Human Services, Health Science",1,0,Middle Georgia,
Rebuilding Macon,Macon,GA,Nonprofit,Provides free home repairs for elderly and disabled residents,https://rebuildingmacon.org/,"Architecture & Construction, Human Services",1,0,Macon,
Macon Area Habitat for Humanity,Macon,GA,Nonprofit,Builds affordable housing in Macon,https://maconhabitat.org/,"Architecture & Construction",1,0,Macon,
Middle Georgia Community Food Bank,Macon,GA,Nonprofit,Food bank serving Middle Georgia,https://mgcfb.org/,"Agriculture, Food & Natural Resources, Human Services",1,0,Middle Georgia,
Goodwill Industries of Middle Georgia,Macon,GA,Nonprofit,Job training and employment services,https://goodwillworks.org/,"Business Management & Administration, Human Services",1,0,Middle Georgia,