org_name,title,description,category,location,address,city,state,is_remote,event_date,event_end_date,start_time,end_time,capacity,status,required_skills,contact_name,contact_email,website_link,min_age,max_age,meal_provided,background_check_required,training_required,training_description,high_school,service_area
Hands On Atlanta,2026 9/11 Day Event Support Volunteer,Support staff for one of Atlanta's largest days of service. Help with food, hospitality, registration and wayfinding.,Human Services,Atlanta,GA,Atlanta,GA,0,2026-09-11,,08:00,12:00,50,open,None,,,https://volunteer.handsonatlanta.org,18,,0,0,0,,,Metro Atlanta
Hands On Atlanta,Meals4Kids Meal Pack,Help pack meals for students in Hands On Atlanta's tutorial and enrichment programs.,Human Services,Atlanta,GA,Atlanta,GA,0,,,09:00,11:00,100,open,None,,,https://www.handsonatlanta.org,12,,0,0,0,,,Metro Atlanta
Hands On Atlanta,Orchard Maintenance Workday,Support community gardens and farms around metro Atlanta that produce food for those in need.,Agriculture Food & Natural Resources,Atlanta,GA,Atlanta,GA,0,2026-12-08,,10:00,13:00,25,open,None,,,https://volunteer.handsonatlanta.org,16,,0,0,0,,,Metro Atlanta
Hands On Atlanta,Thanksgiving Distribution powered by Amazon,Help pack bags and load cars to feed 2000 neighbors for Thanksgiving.,Human Services,Atlanta,GA,Atlanta,GA,0,2026-11-21,,08:00,16:00,200,open,None,,,https://volunteer.handsonatlanta.org,14,,0,0,0,,,Metro Atlanta
Atlanta Community Food Bank,Product Rescue Center Sorting,Sort inspect and pack donated grocery items for over 700 partner agencies.,Agriculture Food & Natural Resources,Atlanta,GA,Atlanta,GA,0,,,09:00,12:00,30,open,Moderate lifting,Volunteer Dept,volunteers@acfb.org,https://www.acfb.org,8,,0,0,0,,,Metro Atlanta
Atlanta Community Food Bank,Assist Agencies with Food Orders,Help partner agencies load food orders into their vehicles at the loading dock.,Human Services,Atlanta,GA,Atlanta,GA,0,,,08:45,12:00,4,open,Lift up to 75 lbs,,,https://www.acfb.org,16,,0,0,0,,,Metro Atlanta
Atlanta Community Food Bank,Kids in Need School Supply Store,Sort pack prepare and restock school supplies for teachers serving students in poverty.,Education & Training,Atlanta,GA,Atlanta,GA,0,,,09:00,12:00,15,open,None,,,https://www.acfb.org,16,,0,0,0,,,Metro Atlanta
Trees Atlanta,Plantlanta 2026 Tree Planting,Plant 700 trees across Atlanta in one weekend. Tasks include digging holes mulching and watering.,Agriculture Food & Natural Resources,Atlanta,GA,Atlanta,GA,0,2026-11-13,2026-11-14,09:00,13:00,300,open,Physical activity,,,https://www.treesatlanta.org,16,,0,0,1,Training provided on-site,,City of Atlanta
Trees Atlanta,Forest Stewardship Training,Learn to identify invasive plant species and remove them while caring for Atlanta's urban forest.,Agriculture Food & Natural Resources,Atlanta,GA,Atlanta,GA,0,2026-10-03,,09:00,12:00,50,open,None,,,https://www.treesatlanta.org,18,,0,0,1,Forest stewardship training,,Metro Atlanta
Piedmont Park Conservancy,Keep It Green Stewardship Saturdays,Help steward Piedmont Park by weeding mulching and collecting litter.,Architecture & Construction,Atlanta,GA,Atlanta,GA,0,,,09:00,11:00,40,open,None,,,https://volunteer.piedmontpark.org,16,,0,0,0,,,Midtown Atlanta
Piedmont Park Conservancy,Early Morning Pick Up and Pitch In,Help keep Atlanta's favorite urban green space clean. Pick up trash across over 200 acres.,Architecture & Construction,Atlanta,GA,Atlanta,GA,0,,,07:00,09:00,20,open,None,,,https://volunteer.piedmontpark.org,16,,0,0,0,,,Midtown Atlanta
Big Brothers Big Sisters of Metro Atlanta,The Race Community Impact Service Day,Support mentoring programs for children through a community service day.,Education & Training,Atlanta,GA,Atlanta,GA,0,2026-08-21,,10:00,12:00,20,open,None,,,https://bbbsatl.org,18,,0,1,0,,,Metro Atlanta
Big Brothers Big Sisters of Metro Atlanta,Back-to-School Bash,Help pack backpacks with school supplies for students starting the school year.,Education & Training,Atlanta,GA,Atlanta,GA,0,,,10:00,14:00,50,open,None,,,https://bbbsatl.org,16,,0,0,0,,,Metro Atlanta
LifeLine Animal Project,Community Service Orientation,Orientation for volunteers interested in helping at LifeLine's animal shelters and events.,Agriculture Food & Natural Resources,Atlanta,GA,Atlanta,GA,0,,,10:00,12:00,30,open,None,Volunteer Team,volunteer@fultonanimalservices.com,https://lifelineanimal.org,18,,0,1,1,Orientation required,,Metro Atlanta
LifeLine Animal Project,Cat & Dog Exercise and Enrichment,Socialize and exercise cats and dogs at LifeLine's shelters to improve their adoptability.,Agriculture Food & Natural Resources,Atlanta,GA,Atlanta,GA,0,,,09:00,17:00,20,open,None,,,https://lifelineanimal.org,18,,0,0,1,Training provided,,Metro Atlanta
PAWS Atlanta,Volunteer Day at PAWS Atlanta,Walk animals assist with cleaning pens and stock food items at the shelter.,Agriculture Food & Natural Resources,Atlanta,GA,Atlanta,GA,0,2026-05-29,,10:00,14:00,30,open,None,,,https://www.pawsatlanta.org,16,,0,0,1,Orientation required,,Metro Atlanta
PAWS Atlanta,Wags N' Walks,Volunteer-based program connecting the community with the dogs of PAWS Atlanta on the BeltLine.,Agriculture Food & Natural Resources,Atlanta,GA,Atlanta,GA,0,,,09:00,11:00,25,open,None,,,https://www.pawsatlanta.org,16,,0,0,0,,,BeltLine Eastside Trail
Zoo Atlanta,Volunteen Program,Yearlong volunteer program for high school students ages 14-17 to learn about wildlife conservation.,Agriculture Food & Natural Resources,Atlanta,GA,Atlanta,GA,0,,,09:00,16:00,100,open,None,,,https://zooatlanta.org,14,17,0,1,1,Training provided,,Atlanta
Zoo Atlanta,Adult Volunteer: Education Program,Educate zoo visitors about wildlife conservation and animal habitats. Requires 50 service hours per year.,Education & Training,Atlanta,GA,Atlanta,GA,0,,,09:00,16:00,50,open,None,,,https://zooatlanta.org,18,,0,1,1,Training provided,,Atlanta
Atlanta Humane Society,Dog Walker Volunteer,Walk dogs at the Atlanta Humane Society locations and help with socialization.,Agriculture Food & Natural Resources,Atlanta,GA,Atlanta,GA,0,,,09:00,17:00,40,open,None,Volunteer Dept,volunteer@atlantahumane.org,https://atlantahumane.org,16,,0,1,1,Orientation required,,Atlanta
Atlanta Humane Society,Adoptions Floater,Help with adoptions at the Roswell location and assist community members at offsite events.,Human Services,Roswell,GA,Roswell,GA,0,,,10:00,16:00,20,open,Good communication,,,https://atlantahumane.org,16,,0,1,0,,,Metro Atlanta
Second Harvest of Coastal Georgia,Brown Bag Saturday,Volunteers needed to pack food bags for the Brown Bag for the Elderly program.,Human Services,Savannah,1380 Chatham Parkway,Savannah,GA,0,2026-05-16,,09:00,12:00,50,open,None,,,https://helpendhunger.org,12,,0,0,0,,,Coastal Georgia
Second Harvest of Coastal Georgia,Kids Cafe Kitchen,Assist in the Kids Cafe Kitchen preparing meals for children in after-school programs.,Human Services,Savannah,1380 Chatham Parkway,Savannah,GA,0,,,09:00,13:00,20,open,None,Liz Ballenger,lballenger@helpendhunger.org,https://helpendhunger.org,16,,0,0,0,,,Coastal Georgia
Loop It Up Savannah,Weekly Art Programming Volunteer,Assist with arts-integrated programming for students in Title 1 schools in Savannah.,Arts Audio/Visual Technology & Communications,Savannah,1106 E 59th St,Savannah,GA,0,,,15:00,17:00,10,open,None,,,https://www.loopitupsavannah.com,16,,0,1,1,Training provided,,Savannah
Loop It Up Savannah,Book Box Project Sorting,Sort and process donated books for the Book Box Project which provides free books to children.,Education & Training,Savannah,1106 E 59th St,Savannah,GA,0,,,10:00,14:00,15,open,None,,,https://www.loopitupsavannah.com,14,,0,0,0,,,Savannah
P.A.C.K. Savannah,Weekend Meal Bag Packing,Pack weekend meal bags for food-insecure children in Chatham County schools and community centers.,Human Services,Savannah,4 Mall Terrace,Savannah,GA,0,,,16:30,18:30,30,open,None,,,https://www.packsavannah.com,12,,0,0,0,,,Chatham County
P.A.C.K. Savannah,Pack the Stockings Holiday Event,Help stuff stockings with holiday gifts for children in need during the holiday season.,Human Services,Savannah,4 Mall Terrace,Savannah,GA,0,2026-12-01,,10:00,14:00,40,open,None,,,https://www.packsavannah.com,12,,0,0,0,,,Savannah
Step Up Savannah,Community Outreach VISTA,Full-time AmeriCorps VISTA position to build capacity through community outreach and social media.,Business Management & Administration,Savannah,428 Bull St,Savannah,GA,0,,,09:00,17:00,2,open,Communication,,,https://stepupsavannah.org,18,,0,1,1,VISTA training provided,,Savannah
Savannah Tree Foundation,Green Week Volunteer Events,Community events including invasive removal day plant swap and a festival during Green Week.,Agriculture Food & Natural Resources,Savannah,GA,Savannah,GA,0,2026-04-20,2026-04-26,09:00,12:00,100,open,None,Kat Erickson,kat@savannahtree.org,https://savannahtree.org,16,,0,0,0,,,Chatham County
Savannah Tree Foundation,Sea Point Complex Tree Planting,Hands-on tree planting event at SeaPoint Complex to make Savannah greener.,Agriculture Food & Natural Resources,Savannah,GA,Savannah,GA,0,2026-02-21,,09:00,12:00,40,open,Physical activity,,,https://savannahtree.org,16,,0,0,1,Planting training on-site,,Savannah
Coastal Georgia Greenway,Trail Development Volunteer,Work with municipal officials to make the off-road trail a reality across six coastal counties.,Architecture & Construction,Savannah,3601 Abercorn Street,Savannah,GA,0,,,09:00,12:00,15,open,None,Jo Hickson,johickson@coastalgeorgiagreenway.org,https://www.coastalgeorgiagreenway.org,16,,0,0,0,,,Coastal Georgia
Golden Harvest Food Bank,Augusta Campus Volunteering (Afternoon Shift),Help support multiple programs: backpack food bags senior food boxes and packing meals.,Human Services,Augusta,3310 Commerce Drive,Augusta,GA,0,,,13:30,16:00,30,open,Standing 2-3 hours,Volunteer Dept,volunteers@goldenharvest.org,https://goldenharvest.org,8,,0,0,0,,,CSRA
Golden Harvest Food Bank,Augusta Campus Volunteering (Morning Shift),Support multiple programs: backpack food bags senior food boxes and packing meals for families.,Human Services,Augusta,3310 Commerce Drive,Augusta,GA,0,,,09:00,12:00,30,open,Standing 2-3 hours,Volunteer Dept,volunteers@goldenharvest.org,https://goldenharvest.org,8,,0,0,0,,,CSRA
Augusta Dream Center,Dream Pantry Food Distribution,Help pack grocery bags and assist guests with getting groceries to their car in the food pantry.,Human Services,Augusta,3364 Peach Orchard Rd,Augusta,GA,0,,,10:00,12:00,20,open,None,,,https://www.augustadreamcenter.org,8,,0,0,0,,,CSRA
Augusta Dream Center,Thursday Evening Food Pantry,Evening shift serving from 4-6 PM packing grocery bags and assisting guests with groceries.,Human Services,Augusta,3364 Peach Orchard Rd,Augusta,GA,0,,,16:00,18:00,15,open,None,,,https://www.augustadreamcenter.org,8,,0,0,0,,,CSRA
Augusta Dream Center,Adopt-A-Block First Saturday,Pack up food and clothing and take them to a local neighborhood to pass out to those in need.,Human Services,Augusta,3364 Peach Orchard Rd,Augusta,GA,0,,,09:00,12:00,25,open,None,,,https://www.augustadreamcenter.org,8,,0,0,0,,,CSRA
Boys & Girls Clubs of Greater Augusta,Weekly Mentoring Volunteer,Commit to one consistent day and time each week for 8-12 weeks to mentor youth at a Club location.,Education & Training,Augusta,624 Chafee Ave,Augusta,GA,0,,,15:00,18:00,20,open,None,,,https://bgcgreateraugusta.org,18,,0,1,1,Orientation and background check,,Augusta
Habitat for Humanity Augusta,Construction Volunteer,Help build and repair homes alongside future homeowners and the construction team. No experience needed.,Architecture & Construction,Augusta,GA,Augusta,GA,0,,,08:00,15:00,30,open,None,,,https://augustahabitat.org,18,,0,0,1,Training provided,,Augusta
Habitat for Humanity Augusta,ReStore Volunteer,Assist in the ReStore selling donated building materials furniture and appliances to fund housing projects.,Business Management & Administration,Augusta,GA,Augusta,GA,0,,,09:00,17:00,20,open,None,,,https://augustahabitat.org,18,,0,0,0,,,Augusta
Safe Homes of Augusta,Child Care Volunteer,Engage with children while parents attend Empowerment Hour and support groups at the shelter.,Human Services,Augusta,GA,Augusta,GA,0,,,17:00,19:00,10,open,None,,,https://safehomesdv.org,18,,0,1,1,Training provided,,Augusta
Safe Homes of Augusta,Meal Preparation/Meal Drop Off,Prepare or drop off meals for residents of the SafeHomes shelter.,Human Services,Augusta,GA,Augusta,GA,0,,,09:00,17:00,15,open,None,,,https://safehomesdv.org,18,,0,1,0,,,Augusta
House of Heroes,Home Repair Volunteer,Provide free home repairs for military and public safety veterans and their spouses in need.,Architecture & Construction,Columbus,GA,Columbus,GA,0,,,08:00,14:00,25,open,None,Susan Wood,,https://houseofheroescvc.org,16,,0,0,1,Training provided,,West Georgia
House of Heroes,Veterans Day Volunteer Project,Help restore and improve the home of a deserving local veteran on Veterans Day.,Architecture & Construction,Columbus,GA,Columbus,GA,0,2026-11-11,,08:00,14:00,20,open,None,Susan Wood,,https://houseofheroescvc.org,16,,0,0,0,,,Chattahoochee Valley
Columbus Dream Center,Third Saturday Food and Clothing Bank,Distribute groceries hygiene kits and clothing to approximately 1500 families each year.,Human Services,Columbus,GA,Columbus,GA,0,,,11:00,13:00,35,open,None,,,https://www.columbusdreamcenter.org,14,,0,0,0,,,Columbus
Paws Humane Society,Volunteer Dog Walker,Walk dogs socialize cats and assist with adoption events at the shelter.,Agriculture Food & Natural Resources,Columbus,4900 Milgen Road,Columbus,GA,0,,,10:00,16:00,25,open,Love of animals,Volunteer Coordinator,volunteer@pawshumane.org,https://pawshumane.org,16,,0,1,1,Orientation required,,Columbus
Paws Humane Society,PAWS to Read Program,Children volunteer to read to shelter animals to help socialize them and improve reading skills.,Education & Training,Columbus,4900 Milgen Road,Columbus,GA,0,,,15:00,17:00,10,open,None,,,https://pawshumane.org,8,,0,0,1,Program orientation,,Columbus
United Way of the Chattahoochee Valley,Read Across America Week,Read to Kindergarten through 2nd grade classes in Muscogee County and Phenix City schools.,Education & Training,Columbus,GA,Columbus,GA,0,2026-03-02,2026-03-06,09:00,12:00,50,open,None,,,https://unitedcv.org,18,,0,0,1,Orientation provided,,Chattahoochee Valley
United Way of the Chattahoochee Valley,United Way Day of Service,Community-wide day of service with hands-on projects throughout Columbus and Phenix City.,Human Services,Columbus,GA,Columbus,GA,0,2026-09-15,,08:00,17:00,200,open,None,,,https://unitedcv.org,16,,0,0,0,,,Chattahoochee Valley
Meals on Wheels of Middle Georgia,Meal Delivery Driver,Deliver lunches to homebound adults on weekdays. 2-3 hours per route.,Human Services,Macon,GA,Macon,GA,0,,,10:00,13:00,20,open,Driving,,,https://mealsonwheelsmiddlegeorgia.org,18,,0,1,1,Training provided,,Middle Georgia
Meals on Wheels of Middle Georgia,Kitchen Packing Volunteer,Help pack meals in the kitchen for delivery to homebound seniors and disabled individuals.,Human Services,Macon,GA,Macon,GA,0,,,08:00,11:00,15,open,None,,,https://mealsonwheelsmiddlegeorgia.org,14,,0,0,0,,,Middle Georgia
Rebuilding Macon,Home Repair Volunteer,Join the Good Samaritans to rehabilitate and repair homes for low-income homeowners.,Architecture & Construction,Macon,GA,Macon,GA,0,,,08:00,15:00,30,open,None,Info,,https://www.rebuildingmacon.org,14,,0,0,1,Training provided,,Macon
Rebuilding Macon,Group Project Day,Schedule a group project to provide free home repairs for elderly and disabled residents.,Architecture & Construction,Macon,GA,Macon,GA,0,,,08:00,15:00,20,open,None,Info,,https://www.rebuildingmacon.org,14,,0,0,0,,,Macon
Macon Area Habitat for Humanity,Construction Volunteer,Swing a hammer and help build safe decent affordable housing in Macon.,Architecture & Construction,Macon,GA,Macon,GA,0,,,08:00,15:00,25,open,None,,,https://maconhabitat.org,16,,0,0,1,Training provided,,Macon
Macon Area Habitat for Humanity,ReStore Volunteer,Help with picking up donations organizing the store and assisting customers.,Business Management & Administration,Macon,GA,Macon,GA,0,,,09:00,17:00,15,open,None,Ivey Hall,,https://maconhabitat.org,16,,0,0,0,,,Macon
Middle Georgia Community Food Bank,Senior Brown Bag Packing,Pack goods for senior citizens through the Senior Brown Bags program.,Human Services,Macon,GA,Macon,GA,0,,,09:00,12:00,25,open,None,Peggy Goodlett,pgoodlett@mgcfb.org,https://mgcfb.org,12,,0,0,0,,,Middle Georgia
Middle Georgia Community Food Bank,Mobile Distribution Volunteer,Box food items to be distributed in rural areas across Middle Georgia.,Human Services,Macon,GA,Macon,GA,0,,,08:00,12:00,20,open,None,Peggy Goodlett,pgoodlett@mgcfb.org,https://mgcfb.org,14,,0,0,0,,,Middle Georgia
Goodwill Industries of Middle Georgia,Job Connection Guide,Assist individuals with job search readiness resume development and career services.,Business Management & Administration,Macon,GA,Macon,GA,0,,,09:00,17:00,15,open,None,,,https://www.goodwillworks.org,18,,0,1,1,Training provided,,Middle Georgia
Goodwill Industries of Middle Georgia,Academic Achievement Center Tutor,Tutor students in the Academic Achievement Center to help them develop career skills.,Education & Training,Macon,GA,Macon,GA,0,,,15:00,18:00,10,open,None,,,https://www.goodwillworks.org,16,,0,1,1,Tutor training,,Middle Georgia